City,Cost Per Squarefoot
foster city,2.8043052837573383
palo alto,2.8043052837573383
brisbane,2.8043052837573383
san mateo,2.8043052837573383
santa clara,2.8043052837573383
san jose south,2.8043052837573383
sunnyvale,2.8043052837573383
SOMA - south beach,2.8043052837573383
dublin - pleasanton - livermore,2.8043052837573383
hercules pinole san pablo el sob,2.8043052837573383
corte madera,2.8043052837573383
